nome,genero,presença_plenario,ausencia_plenario,ausencia_justificada_plenario,presenca_comissao,ausencia_comissao,ausencia_justificada_comissao,data_nascimento,gasto_total_par,gasto_jan_par,gasto_fev_par,gasto_mar_par,gasto_abr_par,gasto_mai_par,gasto_jun_par,gasto_jul_par,gasto_ago_par,gasto_set_par,gasto_out_par,gasto_nov_par,gasto_dez_par,salario_bruto_par,gasto_total_gab,gasto_jan_gab,gasto_fev_gab,gasto_mar_gab,gasto_abr_gab,gasto_mai_gab,gasto_jun_gab,gasto_jul_gab,gasto_ago_gab,gasto_set_gab,gasto_out_gab,gasto_nov_gab,gasto_dez_gab,salario_bruto,quant_viagem
BEATRIZ KICIS TORRENTS DE SORDI,F,89 dias,0 dias,3 dias,56 reuniões,4 reuniões,3 reuniões,19/09/1961,"217.096,60","{'month': 'JAN', 'expense': '25.190,49'}","{'month': 'FEV', 'expense': '25.724,28'}","{'month': 'MAR', 'expense': '26.105,29'}","{'month': 'ABR', 'expense': '27.799,70'}","{'month': 'MAI', 'expense': '29.874,33'}","{'month': 'JUN', 'expense': '15.473,15'}","{'month': 'JUL', 'expense': '16.116,39'}","{'month': 'AGO', 'expense': '14.243,78'}","{'month': 'SET', 'expense': '13.146,49'}","{'month': 'OUT', 'expense': '22.163,74'}",não contabilizados,não contabilizados,33763.0,"217.096,60","{'month': 'JAN', 'expense': '111.271,47'}","{'month': 'FEV', 'expense': '111.271,47'}","{'month': 'MAR', 'expense': '111.271,47'}","{'month': 'ABR', 'expense': '111.271,47'}","{'month': 'MAI', 'expense': '111.271,47'}","{'month': 'JUN', 'expense': '111.538,39'}","{'month': 'JUL', 'expense': '111.538,39'}","{'month': 'AGO', 'expense': '111.538,39'}","{'month': 'SET', 'expense': '111.538,39'}","{'month': 'OUT', 'expense': '111.538,39'}",não contabilizados,não contabilizados,33763.0,1
ALICE MAZZUCO PORTUGAL,F,91 dias,1 dias,0 dias,70 reuniões,28 reuniões,0 reuniões,16/05/1959,"380.746,29","{'month': 'JAN', 'expense': '64.843,86'}","{'month': 'FEV', 'expense': '35.974,10'}","{'month': 'MAR', 'expense': '45.630,28'}","{'month': 'ABR', 'expense': '30.967,04'}","{'month': 'MAI', 'expense': '44.643,22'}","{'month': 'JUN', 'expense': '33.926,95'}","{'month': 'JUL', 'expense': '26.133,78'}","{'month': 'AGO', 'expense': '37.427,88'}","{'month': 'SET', 'expense': '27.482,05'}","{'month': 'OUT', 'expense': '33.668,90'}",não contabilizados,não contabilizados,33763.0,"380.746,29","{'month': 'JAN', 'expense': '109.364,13'}","{'month': 'FEV', 'expense': '110.762,68'}","{'month': 'MAR', 'expense': '110.837,35'}","{'month': 'ABR', 'expense': '110.137,04'}","{'month': 'MAI', 'expense': '110.137,04'}","{'month': 'JUN', 'expense': '110.137,04'}","{'month': 'JUL', 'expense': '110.137,04'}","{'month': 'AGO', 'expense': '110.131,96'}","{'month': 'SET', 'expense': '111.046,92'}","{'month': 'OUT', 'expense': '111.046,92'}",não contabilizados,não contabilizados,33763.0,
ALINE SLEUTJES,F,81 dias,0 dias,11 dias,25 reuniões,5 reuniões,7 reuniões,26/07/1979,"271.444,38","{'month': 'JAN', 'expense': '18.718,10'}","{'month': 'FEV', 'expense': '42.340,70'}","{'month': 'MAR', 'expense': '49.189,30'}","{'month': 'ABR', 'expense': '28.504,61'}","{'month': 'MAI', 'expense': '62.024,69'}","{'month': 'JUN', 'expense': '25.909,67'}","{'month': 'JUL', 'expense': '20.829,47'}","{'month': 'AGO', 'expense': '10.742,51'}","{'month': 'SET', 'expense': '4.466,72'}","{'month': 'OUT', 'expense': '8.102,19'}",não contabilizados,não contabilizados,33763.0,"271.444,38","{'month': 'JAN', 'expense': '108.562,89'}","{'month': 'FEV', 'expense': '107.823,39'}","{'month': 'MAR', 'expense': '108.054,31'}","{'month': 'ABR', 'expense': '102.862,93'}","{'month': 'MAI', 'expense': '104.407,00'}","{'month': 'JUN', 'expense': '105.903,30'}","{'month': 'JUL', 'expense': '107.141,12'}","{'month': 'AGO', 'expense': '104.241,48'}","{'month': 'SET', 'expense': '105.514,93'}","{'month': 'OUT', 'expense': '93.070,21'}",não contabilizados,não contabilizados,33763.0,
BENEDITA SOUZA DA SILVA SAMPAIO,F,45 dias,0 dias,47 dias,22 reuniões,15 reuniões,18 reuniões,26/04/1942,"278.916,75","{'month': 'JAN', 'expense': '27.548,63'}","{'month': 'FEV', 'expense': '36.708,62'}","{'month': 'MAR', 'expense': '32.332,80'}","{'month': 'ABR', 'expense': '38.159,47'}","{'month': 'MAI', 'expense': '42.904,22'}","{'month': 'JUN', 'expense': '28.769,87'}","{'month': 'JUL', 'expense': '17.965,43'}","{'month': 'AGO', 'expense': '15.365,95'}","{'month': 'SET', 'expense': '9.555,15'}","{'month': 'OUT', 'expense': '28.558,54'}",não contabilizados,não contabilizados,33763.0,"278.916,75","{'month': 'JAN', 'expense': '111.495,90'}","{'month': 'FEV', 'expense': '111.448,24'}","{'month': 'MAR', 'expense': '111.228,98'}","{'month': 'ABR', 'expense': '111.228,98'}","{'month': 'MAI', 'expense': '111.228,98'}","{'month': 'JUN', 'expense': '111.354,55'}","{'month': 'JUL', 'expense': '111.647,54'}","{'month': 'AGO', 'expense': '111.647,54'}","{'month': 'SET', 'expense': '111.647,54'}","{'month': 'OUT', 'expense': '111.647,54'}",não contabilizados,não contabilizados,33763.0,
ALESSANDRA SILVA RIBEIRO,F,82 dias,4 dias,6 dias,54 reuniões,10 reuniões,10 reuniões,04/07/1974,"262.368,78","{'month': 'JAN', 'expense': '21.847,22'}","{'month': 'FEV', 'expense': '26.068,76'}","{'month': 'MAR', 'expense': '60.514,25'}","{'month': 'ABR', 'expense': '38.257,92'}","{'month': 'MAI', 'expense': '39.369,73'}","{'month': 'JUN', 'expense': '21.249,25'}","{'month': 'JUL', 'expense': '15.093,79'}","{'month': 'AGO', 'expense': '19.228,94'}","{'month': 'SET', 'expense': '15.225,62'}","{'month': 'OUT', 'expense': '5.513,30'}",não contabilizados,não contabilizados,33763.0,"262.368,78","{'month': 'JAN', 'expense': '73.391,76'}","{'month': 'FEV', 'expense': '71.163,83'}","{'month': 'MAR', 'expense': '70.424,23'}","{'month': 'ABR', 'expense': '71.271,43'}","{'month': 'MAI', 'expense': '75.507,41'}","{'month': 'JUN', 'expense': '78.795,10'}","{'month': 'JUL', 'expense': '74.373,30'}","{'month': 'AGO', 'expense': '79.377,41'}","{'month': 'SET', 'expense': '79.377,41'}","{'month': 'OUT', 'expense': '83.691,96'}",não contabilizados,não contabilizados,33763.0,
ÁUREA CAROLINA DE FREITAS E SILVA,F,75 dias,0 dias,17 dias,22 reuniões,5 reuniões,5 reuniões,20/11/1983,"302.788,06","{'month': 'JAN', 'expense': '15.477,79'}","{'month': 'FEV', 'expense': '17.211,99'}","{'month': 'MAR', 'expense': '36.192,89'}","{'month': 'ABR', 'expense': '50.919,99'}","{'month': 'MAI', 'expense': '47.628,80'}","{'month': 'JUN', 'expense': '36.660,42'}","{'month': 'JUL', 'expense': '25.545,07'}","{'month': 'AGO', 'expense': '22.852,05'}","{'month': 'SET', 'expense': '27.143,68'}","{'month': 'OUT', 'expense': '23.155,38'}",não contabilizados,não contabilizados,33763.0,"302.788,06","{'month': 'JAN', 'expense': '110.482,87'}","{'month': 'FEV', 'expense': '110.320,03'}","{'month': 'MAR', 'expense': '111.502,08'}","{'month': 'ABR', 'expense': '111.502,08'}","{'month': 'MAI', 'expense': '111.502,08'}","{'month': 'JUN', 'expense': '111.499,25'}","{'month': 'JUL', 'expense': '111.417,08'}","{'month': 'AGO', 'expense': '111.417,08'}","{'month': 'SET', 'expense': '111.417,08'}","{'month': 'OUT', 'expense': '105.478,47'}",não contabilizados,não contabilizados,33763.0,
CARMEN EMÍLIA BONFÁ ZANOTTO,F,,,,,,,06/10/1962,"239.861,51","{'month': 'JAN', 'expense': '15.385,24'}","{'month': 'FEV', 'expense': '28.801,18'}","{'month': 'MAR', 'expense': '31.514,98'}","{'month': 'ABR', 'expense': '30.373,86'}","{'month': 'MAI', 'expense': '35.066,26'}","{'month': 'JUN', 'expense': '31.040,14'}","{'month': 'JUL', 'expense': '26.674,03'}","{'month': 'AGO', 'expense': '14.544,84'}","{'month': 'SET', 'expense': '11.885,29'}","{'month': 'OUT', 'expense': '14.575,69'}",não contabilizados,não contabilizados,33763.0,"239.861,51","{'month': 'JAN', 'expense': '101.754,20'}","{'month': 'FEV', 'expense': '102.247,05'}","{'month': 'MAR', 'expense': '101.219,81'}","{'month': 'ABR', 'expense': '102.930,96'}","{'month': 'MAI', 'expense': '102.930,96'}","{'month': 'JUN', 'expense': '101.603,76'}","{'month': 'JUL', 'expense': '86.458,75'}","{'month': 'AGO', 'expense': '91.918,18'}","{'month': 'SET', 'expense': '92.236,93'}","{'month': 'OUT', 'expense': '97.802,61'}",não contabilizados,não contabilizados,33763.0,
CARLA ZAMBELLI SALGADO DE OLIVEIRA,F,79 dias,1 dias,12 dias,10 reuniões,12 reuniões,5 reuniões,03/07/1980,"277.181,24","{'month': 'JAN', 'expense': '35.310,53'}","{'month': 'FEV', 'expense': '32.694,44'}","{'month': 'MAR', 'expense': '29.735,19'}","{'month': 'ABR', 'expense': '21.729,23'}","{'month': 'MAI', 'expense': '51.011,16'}","{'month': 'JUN', 'expense': '22.816,95'}","{'month': 'JUL', 'expense': '21.987,75'}","{'month': 'AGO', 'expense': '14.571,57'}","{'month': 'SET', 'expense': '14.918,40'}","{'month': 'OUT', 'expense': '31.400,35'}",não contabilizados,não contabilizados,33763.0,"277.181,24","{'month': 'JAN', 'expense': '111.549,61'}","{'month': 'FEV', 'expense': '111.299,27'}","{'month': 'MAR', 'expense': '110.215,67'}","{'month': 'ABR', 'expense': '105.302,52'}","{'month': 'MAI', 'expense': '108.206,27'}","{'month': 'JUN', 'expense': '105.657,79'}","{'month': 'JUL', 'expense': '108.726,99'}","{'month': 'AGO', 'expense': '111.400,84'}","{'month': 'SET', 'expense': '111.665,78'}","{'month': 'OUT', 'expense': '111.665,78'}",não contabilizados,não contabilizados,33763.0,1
HILKEA CARLA DE SOUZA MEDEIROS LIMA,F,91 dias,1 dias,0 dias,62 reuniões,5 reuniões,0 reuniões,02/07/1976,"321.096,04","{'month': 'JAN', 'expense': '24.586,19'}","{'month': 'FEV', 'expense': '44.761,07'}","{'month': 'MAR', 'expense': '52.267,87'}","{'month': 'ABR', 'expense': '31.382,92'}","{'month': 'MAI', 'expense': '38.231,83'}","{'month': 'JUN', 'expense': '32.701,13'}","{'month': 'JUL', 'expense': '15.878,04'}","{'month': 'AGO', 'expense': '19.847,11'}","{'month': 'SET', 'expense': '20.700,30'}","{'month': 'OUT', 'expense': '40.204,82'}",não contabilizados,não contabilizados,33763.0,"321.096,04","{'month': 'JAN', 'expense': '111.271,39'}","{'month': 'FEV', 'expense': '111.271,39'}","{'month': 'MAR', 'expense': '111.271,39'}","{'month': 'ABR', 'expense': '111.271,39'}","{'month': 'MAI', 'expense': '111.271,39'}","{'month': 'JUN', 'expense': '110.132,42'}","{'month': 'JUL', 'expense': '111.538,26'}","{'month': 'AGO', 'expense': '111.238,30'}","{'month': 'SET', 'expense': '111.538,26'}","{'month': 'OUT', 'expense': '111.538,26'}",não contabilizados,não contabilizados,33763.0,
ALINE PARANHOS VARONIL GURGEL,F,78 dias,3 dias,11 dias,16 reuniões,27 reuniões,7 reuniões,25/11/1980,"425.828,00","{'month': 'JAN', 'expense': '42.916,79'}","{'month': 'FEV', 'expense': '55.902,66'}","{'month': 'MAR', 'expense': '41.953,93'}","{'month': 'ABR', 'expense': '40.253,23'}","{'month': 'MAI', 'expense': '74.755,05'}","{'month': 'JUN', 'expense': '10.460,16'}","{'month': 'JUL', 'expense': '40.552,36'}","{'month': 'AGO', 'expense': '44.238,07'}","{'month': 'SET', 'expense': '50.064,19'}","{'month': 'OUT', 'expense': '24.731,56'}",não contabilizados,não contabilizados,33763.0,"425.828,00","{'month': 'JAN', 'expense': '111.429,18'}","{'month': 'FEV', 'expense': '111.160,99'}","{'month': 'MAR', 'expense': '111.429,20'}","{'month': 'ABR', 'expense': '111.429,20'}","{'month': 'MAI', 'expense': '111.429,20'}","{'month': 'JUN', 'expense': '111.429,20'}","{'month': 'JUL', 'expense': '111.429,20'}","{'month': 'AGO', 'expense': '111.429,20'}","{'month': 'SET', 'expense': '109.688,29'}","{'month': 'OUT', 'expense': '108.621,49'}",não contabilizados,não contabilizados,33763.0,
ANGELA REGINA HEINZEN AMIN HELOU,F,88 dias,0 dias,4 dias,61 reuniões,0 reuniões,1 reuniões,20/12/1953,"335.603,46","{'month': 'JAN', 'expense': '32.420,59'}","{'month': 'FEV', 'expense': '44.149,40'}","{'month': 'MAR', 'expense': '54.673,99'}","{'month': 'ABR', 'expense': '50.177,80'}","{'month': 'MAI', 'expense': '45.917,82'}","{'month': 'JUN', 'expense': '36.925,47'}","{'month': 'JUL', 'expense': '34.965,84'}","{'month': 'AGO', 'expense': '19.369,26'}","{'month': 'SET', 'expense': '7.069,38'}","{'month': 'OUT', 'expense': '9.738,31'}",não contabilizados,não contabilizados,33763.0,"335.603,46","{'month': 'JAN', 'expense': '108.469,01'}","{'month': 'FEV', 'expense': '109.010,60'}","{'month': 'MAR', 'expense': '110.962,23'}","{'month': 'ABR', 'expense': '109.111,95'}","{'month': 'MAI', 'expense': '109.111,95'}","{'month': 'JUN', 'expense': '108.914,61'}","{'month': 'JUL', 'expense': '107.061,71'}","{'month': 'AGO', 'expense': '107.061,71'}","{'month': 'SET', 'expense': '107.061,71'}","{'month': 'OUT', 'expense': '110.877,26'}",não contabilizados,não contabilizados,33763.0,1
SORAYA DE SOUZA MANNATO,F,92 dias,0 dias,0 dias,111 reuniões,64 reuniões,0 reuniões,10/03/1961,"289.649,17","{'month': 'JAN', 'expense': '31.353,75'}","{'month': 'FEV', 'expense': '37.397,79'}","{'month': 'MAR', 'expense': '57.239,48'}","{'month': 'ABR', 'expense': '36.607,77'}","{'month': 'MAI', 'expense': '43.635,09'}","{'month': 'JUN', 'expense': '15.176,75'}","{'month': 'JUL', 'expense': '23.098,74'}","{'month': 'AGO', 'expense': '18.128,98'}","{'month': 'SET', 'expense': '8.706,64'}","{'month': 'OUT', 'expense': '18.304,18'}",não contabilizados,não contabilizados,33763.0,"289.649,17","{'month': 'JAN', 'expense': '111.501,77'}","{'month': 'FEV', 'expense': '111.501,77'}","{'month': 'MAR', 'expense': '110.559,03'}","{'month': 'ABR', 'expense': '110.173,36'}","{'month': 'MAI', 'expense': '110.920,06'}","{'month': 'JUN', 'expense': '110.221,10'}","{'month': 'JUL', 'expense': '107.709,88'}","{'month': 'AGO', 'expense': '107.907,12'}","{'month': 'SET', 'expense': '109.518,27'}","{'month': 'OUT', 'expense': '110.809,89'}",não contabilizados,não contabilizados,33763.0,
CHRISTINE NOGUEIRA DOS REIS TONIETTO,F,88 dias,2 dias,2 dias,59 reuniões,6 reuniões,4 reuniões,14/05/1991,"133.178,31","{'month': 'JAN', 'expense': '11.369,60'}","{'month': 'FEV', 'expense': '10.173,11'}","{'month': 'MAR', 'expense': '9.970,30'}","{'month': 'ABR', 'expense': '13.872,46'}","{'month': 'MAI', 'expense': '12.050,51'}","{'month': 'JUN', 'expense': '19.466,91'}","{'month': 'JUL', 'expense': '25.628,43'}","{'month': 'AGO', 'expense': '11.169,95'}","{'month': 'SET', 'expense': '3.255,31'}","{'month': 'OUT', 'expense': '15.855,62'}",não contabilizados,não contabilizados,33763.0,"133.178,31","{'month': 'JAN', 'expense': '69.040,75'}","{'month': 'FEV', 'expense': '69.101,84'}","{'month': 'MAR', 'expense': '69.101,84'}","{'month': 'ABR', 'expense': '71.632,90'}","{'month': 'MAI', 'expense': '76.266,55'}","{'month': 'JUN', 'expense': '85.504,27'}","{'month': 'JUL', 'expense': '88.597,50'}","{'month': 'AGO', 'expense': '88.597,50'}","{'month': 'SET', 'expense': '88.597,50'}","{'month': 'OUT', 'expense': '82.910,48'}",não contabilizados,não contabilizados,33763.0,
CAROLINE RODRIGUES DE TONI,F,91 dias,1 dias,0 dias,45 reuniões,11 reuniões,1 reuniões,01/09/1986,"108.667,23","{'month': 'JAN', 'expense': '1.577,63'}","{'month': 'FEV', 'expense': '10.066,51'}","{'month': 'MAR', 'expense': '14.101,09'}","{'month': 'ABR', 'expense': '11.285,98'}","{'month': 'MAI', 'expense': '24.174,38'}","{'month': 'JUN', 'expense': '15.473,46'}","{'month': 'JUL', 'expense': '14.468,42'}","{'month': 'AGO', 'expense': '7.103,83'}","{'month': 'SET', 'expense': '3.096,89'}","{'month': 'OUT', 'expense': '5.223,46'}",não contabilizados,não contabilizados,33763.0,"108.667,23","{'month': 'JAN', 'expense': '84.266,39'}","{'month': 'FEV', 'expense': '86.627,52'}","{'month': 'MAR', 'expense': '88.148,33'}","{'month': 'ABR', 'expense': '92.593,08'}","{'month': 'MAI', 'expense': '96.367,63'}","{'month': 'JUN', 'expense': '96.367,63'}","{'month': 'JUL', 'expense': '93.146,11'}","{'month': 'AGO', 'expense': '92.800,95'}","{'month': 'SET', 'expense': '92.800,95'}","{'month': 'OUT', 'expense': '87.409,42'}",não contabilizados,não contabilizados,33763.0,
CHRISTIANE DE SOUZA YARED,F,83 dias,0 dias,9 dias,27 reuniões,5 reuniões,6 reuniões,23/02/1960,"330.395,35","{'month': 'JAN', 'expense': '23.957,30'}","{'month': 'FEV', 'expense': '44.324,43'}","{'month': 'MAR', 'expense': '35.762,57'}","{'month': 'ABR', 'expense': '54.189,41'}","{'month': 'MAI', 'expense': '41.149,82'}","{'month': 'JUN', 'expense': '32.246,76'}","{'month': 'JUL', 'expense': '23.122,06'}","{'month': 'AGO', 'expense': '18.987,00'}","{'month': 'SET', 'expense': '15.446,67'}","{'month': 'OUT', 'expense': '40.295,66'}",não contabilizados,não contabilizados,33763.0,"330.395,35","{'month': 'JAN', 'expense': '108.772,44'}","{'month': 'FEV', 'expense': '108.772,44'}","{'month': 'MAR', 'expense': '108.772,44'}","{'month': 'ABR', 'expense': '108.772,44'}","{'month': 'MAI', 'expense': '108.366,22'}","{'month': 'JUN', 'expense': '104.176,55'}","{'month': 'JUL', 'expense': '111.586,94'}","{'month': 'AGO', 'expense': '111.586,94'}","{'month': 'SET', 'expense': '111.586,94'}","{'month': 'OUT', 'expense': '108.683,92'}",não contabilizados,não contabilizados,33763.0,
DANIELA MOTE DE SOUZA CARNEIRO,F,80 dias,2 dias,10 dias,42 reuniões,9 reuniões,9 reuniões,10/02/1976,"309.318,38","{'month': 'JAN', 'expense': '35.968,58'}","{'month': 'FEV', 'expense': '36.604,61'}","{'month': 'MAR', 'expense': '48.540,64'}","{'month': 'ABR', 'expense': '61.049,56'}","{'month': 'MAI', 'expense': '50.236,04'}","{'month': 'JUN', 'expense': '27.308,97'}","{'month': 'JUL', 'expense': '20.808,56'}","{'month': 'AGO', 'expense': '13.155,35'}","{'month': 'SET', 'expense': '11.253,04'}","{'month': 'OUT', 'expense': '4.366,75'}",não contabilizados,não contabilizados,33763.0,"309.318,38","{'month': 'JAN', 'expense': '111.004,43'}","{'month': 'FEV', 'expense': '110.578,75'}","{'month': 'MAR', 'expense': '110.970,40'}","{'month': 'ABR', 'expense': '111.234,95'}","{'month': 'MAI', 'expense': '111.234,95'}","{'month': 'JUN', 'expense': '111.234,95'}","{'month': 'JUL', 'expense': '111.234,95'}","{'month': 'AGO', 'expense': '110.155,05'}","{'month': 'SET', 'expense': '109.870,15'}","{'month': 'OUT', 'expense': '100.152,27'}",não contabilizados,não contabilizados,33763.0,
CLARISSA BARROS ASSED MATHEUS DE OLIVEIRA,F,86 dias,6 dias,0 dias,37 reuniões,14 reuniões,0 reuniões,02/07/1982,"297.350,01","{'month': 'JAN', 'expense': '7.971,69'}","{'month': 'FEV', 'expense': '16.907,30'}","{'month': 'MAR', 'expense': '54.747,61'}","{'month': 'ABR', 'expense': '49.861,80'}","{'month': 'MAI', 'expense': '57.969,92'}","{'month': 'JUN', 'expense': '53.352,84'}","{'month': 'JUL', 'expense': '20.869,99'}","{'month': 'AGO', 'expense': '15.804,77'}","{'month': 'SET', 'expense': '9.631,78'}","{'month': 'OUT', 'expense': '10.118,65'}",não contabilizados,não contabilizados,33763.0,"297.350,01","{'month': 'JAN', 'expense': '110.918,38'}","{'month': 'FEV', 'expense': '110.319,03'}","{'month': 'MAR', 'expense': '110.945,19'}","{'month': 'ABR', 'expense': '111.532,21'}","{'month': 'MAI', 'expense': '111.532,21'}","{'month': 'JUN', 'expense': '111.532,21'}","{'month': 'JUL', 'expense': '111.532,21'}","{'month': 'AGO', 'expense': '111.532,21'}","{'month': 'SET', 'expense': '111.532,21'}","{'month': 'OUT', 'expense': '111.532,21'}",não contabilizados,não contabilizados,33763.0,
CELINA LEAO HIZIM FERREIRA,F,71 dias,19 dias,2 dias,18 reuniões,23 reuniões,1 reuniões,02/03/1977,"101.582,40","{'month': 'JAN', 'expense': '1.190,04'}","{'month': 'FEV', 'expense': '11.101,64'}","{'month': 'MAR', 'expense': '13.853,72'}","{'month': 'ABR', 'expense': '18.215,77'}","{'month': 'MAI', 'expense': '17.835,36'}","{'month': 'JUN', 'expense': '15.949,33'}","{'month': 'JUL', 'expense': '14.392,13'}","{'month': 'AGO', 'expense': '6.642,14'}","{'month': 'SET', 'expense': '2.402,27'}","{'month': 'OUT', 'expense': '0,00'}",não contabilizados,não contabilizados,33763.0,"101.582,40","{'month': 'JAN', 'expense': '110.531,62'}","{'month': 'FEV', 'expense': '110.840,11'}","{'month': 'MAR', 'expense': '110.489,74'}","{'month': 'ABR', 'expense': '109.406,57'}","{'month': 'MAI', 'expense': '110.401,05'}","{'month': 'JUN', 'expense': '109.266,63'}","{'month': 'JUL', 'expense': '109.432,72'}","{'month': 'AGO', 'expense': '110.798,51'}","{'month': 'SET', 'expense': '110.798,51'}","{'month': 'OUT', 'expense': '110.798,51'}",não contabilizados,não contabilizados,33763.0,1
VANDA DENIR MILANI NOGUEIRA,F,72 dias,7 dias,13 dias,31 reuniões,22 reuniões,11 reuniões,17/09/1953,"395.931,24","{'month': 'JAN', 'expense': '45.066,55'}","{'month': 'FEV', 'expense': '49.027,62'}","{'month': 'MAR', 'expense': '29.462,19'}","{'month': 'ABR', 'expense': '36.127,46'}","{'month': 'MAI', 'expense': '71.009,98'}","{'month': 'JUN', 'expense': '22.618,07'}","{'month': 'JUL', 'expense': '41.106,51'}","{'month': 'AGO', 'expense': '44.816,37'}","{'month': 'SET', 'expense': '25.900,00'}","{'month': 'OUT', 'expense': '30.796,49'}",não contabilizados,não contabilizados,33763.0,"395.931,24","{'month': 'JAN', 'expense': '109.028,91'}","{'month': 'FEV', 'expense': '110.980,61'}","{'month': 'MAR', 'expense': '111.507,90'}","{'month': 'ABR', 'expense': '109.468,16'}","{'month': 'MAI', 'expense': '111.544,28'}","{'month': 'JUN', 'expense': '110.383,90'}","{'month': 'JUL', 'expense': '111.280,73'}","{'month': 'AGO', 'expense': '111.580,69'}","{'month': 'SET', 'expense': '111.580,69'}","{'month': 'OUT', 'expense': '106.487,76'}",não contabilizados,não contabilizados,33763.0,
DULCE FERREIRA PAGANI MIRANDA,F,84 dias,0 dias,8 dias,78 reuniões,8 reuniões,11 reuniões,15/12/1963,"385.152,20","{'month': 'JAN', 'expense': '17.405,28'}","{'month': 'FEV', 'expense': '54.422,42'}","{'month': 'MAR', 'expense': '66.007,20'}","{'month': 'ABR', 'expense': '43.629,27'}","{'month': 'MAI', 'expense': '48.597,93'}","{'month': 'JUN', 'expense': '16.964,63'}","{'month': 'JUL', 'expense': '42.936,18'}","{'month': 'AGO', 'expense': '44.081,35'}","{'month': 'SET', 'expense': '12.900,31'}","{'month': 'OUT', 'expense': '38.029,26'}",não contabilizados,não contabilizados,33763.0,"385.152,20","{'month': 'JAN', 'expense': '111.515,73'}","{'month': 'FEV', 'expense': '108.469,11'}","{'month': 'MAR', 'expense': '109.947,21'}","{'month': 'ABR', 'expense': '108.778,45'}","{'month': 'MAI', 'expense': '110.497,62'}","{'month': 'JUN', 'expense': '110.780,17'}","{'month': 'JUL', 'expense': '110.780,17'}","{'month': 'AGO', 'expense': '110.780,17'}","{'month': 'SET', 'expense': '110.297,33'}","{'month': 'OUT', 'expense': '110.780,17'}",não contabilizados,não contabilizados,33763.0,
SAMIA DE SOUZA BOMFIM,F,78 dias,0 dias,14 dias,32 reuniões,3 reuniões,0 reuniões,22/08/1989,"320.776,66","{'month': 'JAN', 'expense': '29.863,31'}","{'month': 'FEV', 'expense': '33.173,07'}","{'month': 'MAR', 'expense': '52.100,08'}","{'month': 'ABR', 'expense': '33.373,57'}","{'month': 'MAI', 'expense': '49.527,82'}","{'month': 'JUN', 'expense': '25.800,86'}","{'month': 'JUL', 'expense': '31.637,36'}","{'month': 'AGO', 'expense': '25.034,27'}","{'month': 'SET', 'expense': '10.727,26'}","{'month': 'OUT', 'expense': '25.539,06'}",não contabilizados,não contabilizados,33763.0,"320.776,66","{'month': 'JAN', 'expense': '101.425,05'}","{'month': 'FEV', 'expense': '108.439,14'}","{'month': 'MAR', 'expense': '108.239,71'}","{'month': 'ABR', 'expense': '106.353,47'}","{'month': 'MAI', 'expense': '110.257,66'}","{'month': 'JUN', 'expense': '110.871,10'}","{'month': 'JUL', 'expense': '110.871,10'}","{'month': 'AGO', 'expense': '110.871,10'}","{'month': 'SET', 'expense': '110.871,10'}","{'month': 'OUT', 'expense': '110.871,10'}",não contabilizados,não contabilizados,33763.0,
ROSIANE MODESTO  DE OLIVEIRA,F,,,,,,,20/02/1978,"202.187,67","{'month': 'JAN', 'expense': '16.532,25'}","{'month': 'FEV', 'expense': '28.174,06'}","{'month': 'MAR', 'expense': '22.572,80'}","{'month': 'ABR', 'expense': '28.359,47'}","{'month': 'MAI', 'expense': '28.108,83'}","{'month': 'JUN', 'expense': '26.531,02'}","{'month': 'JUL', 'expense': '14.867,91'}","{'month': 'AGO', 'expense': '6.958,44'}","{'month': 'SET', 'expense': '8.464,46'}","{'month': 'OUT', 'expense': '18.149,96'}",não contabilizados,não contabilizados,33763.0,"202.187,67","{'month': 'JAN', 'expense': '109.718,66'}","{'month': 'FEV', 'expense': '110.767,63'}","{'month': 'MAR', 'expense': '111.653,67'}","{'month': 'ABR', 'expense': '111.653,67'}","{'month': 'MAI', 'expense': '109.880,49'}","{'month': 'JUN', 'expense': '109.891,34'}","{'month': 'JUL', 'expense': '111.617,27'}","{'month': 'AGO', 'expense': '97.483,92'}","{'month': 'SET', 'expense': '90.265,59'}","{'month': 'OUT', 'expense': '93.489,86'}",não contabilizados,não contabilizados,33763.0,
ROSANGELA DE SOUZA GOMES,F,77 dias,0 dias,15 dias,2 reuniões,0 reuniões,0 reuniões,27/12/1966,"332.169,14","{'month': 'JAN', 'expense': '35.619,36'}","{'month': 'FEV', 'expense': '53.038,08'}","{'month': 'MAR', 'expense': '41.099,12'}","{'month': 'ABR', 'expense': '30.910,68'}","{'month': 'MAI', 'expense': '40.356,20'}","{'month': 'JUN', 'expense': '24.832,33'}","{'month': 'JUL', 'expense': '27.594,88'}","{'month': 'AGO', 'expense': '28.932,93'}","{'month': 'SET', 'expense': '13.329,32'}","{'month': 'OUT', 'expense': '36.267,03'}",não contabilizados,não contabilizados,33763.0,"332.169,14","{'month': 'JAN', 'expense': '111.495,87'}","{'month': 'FEV', 'expense': '111.495,87'}","{'month': 'MAR', 'expense': '111.495,87'}","{'month': 'ABR', 'expense': '111.495,87'}","{'month': 'MAI', 'expense': '111.495,87'}","{'month': 'JUN', 'expense': '111.495,87'}","{'month': 'JUL', 'expense': '111.495,87'}","{'month': 'AGO', 'expense': '111.495,87'}","{'month': 'SET', 'expense': '111.495,87'}","{'month': 'OUT', 'expense': '111.495,87'}",não contabilizados,não contabilizados,33763.0,2
ROSANA DE OLIVEIRA VALLE,F,87 dias,2 dias,3 dias,44 reuniões,2 reuniões,2 reuniões,08/05/1969,"338.573,46","{'month': 'JAN', 'expense': '21.183,33'}","{'month': 'FEV', 'expense': '29.131,46'}","{'month': 'MAR', 'expense': '53.484,17'}","{'month': 'ABR', 'expense': '52.840,25'}","{'month': 'MAI', 'expense': '41.134,85'}","{'month': 'JUN', 'expense': '34.551,95'}","{'month': 'JUL', 'expense': '41.195,46'}","{'month': 'AGO', 'expense': '30.834,90'}","{'month': 'SET', 'expense': '20.867,06'}","{'month': 'OUT', 'expense': '13.125,31'}",não contabilizados,não contabilizados,33763.0,"338.573,46","{'month': 'JAN', 'expense': '107.098,26'}","{'month': 'FEV', 'expense': '107.098,26'}","{'month': 'MAR', 'expense': '107.098,26'}","{'month': 'ABR', 'expense': '107.098,26'}","{'month': 'MAI', 'expense': '100.284,96'}","{'month': 'JUN', 'expense': '91.133,79'}","{'month': 'JUL', 'expense': '106.579,32'}","{'month': 'AGO', 'expense': '107.632,04'}","{'month': 'SET', 'expense': '109.901,08'}","{'month': 'OUT', 'expense': '106.206,39'}",não contabilizados,não contabilizados,33763.0,
SHÉRIDAN ESTÉRFANY OLIVEIRA RAMOS,F,53 dias,4 dias,35 dias,0 reuniões,3 reuniões,0 reuniões,11/04/1984,"406.013,67","{'month': 'JAN', 'expense': '47.717,67'}","{'month': 'FEV', 'expense': '50.310,81'}","{'month': 'MAR', 'expense': '47.454,50'}","{'month': 'ABR', 'expense': '20.489,75'}","{'month': 'MAI', 'expense': '41.030,40'}","{'month': 'JUN', 'expense': '35.713,64'}","{'month': 'JUL', 'expense': '41.489,54'}","{'month': 'AGO', 'expense': '36.464,07'}","{'month': 'SET', 'expense': '37.465,47'}","{'month': 'OUT', 'expense': '41.866,90'}",não contabilizados,não contabilizados,33763.0,"406.013,67","{'month': 'JAN', 'expense': '104.351,76'}","{'month': 'FEV', 'expense': '98.699,47'}","{'month': 'MAR', 'expense': '100.259,52'}","{'month': 'ABR', 'expense': '100.363,57'}","{'month': 'MAI', 'expense': '99.170,39'}","{'month': 'JUN', 'expense': '111.192,45'}","{'month': 'JUL', 'expense': '104.911,24'}","{'month': 'AGO', 'expense': '108.772,24'}","{'month': 'SET', 'expense': '109.791,30'}","{'month': 'OUT', 'expense': '108.036,70'}",não contabilizados,não contabilizados,33763.0,
TABATA CLAUDIA AMARAL DE PONTES,F,88 dias,3 dias,1 dias,137 reuniões,9 reuniões,0 reuniões,14/11/1993,"290.505,98","{'month': 'JAN', 'expense': '38.950,69'}","{'month': 'FEV', 'expense': '27.888,06'}","{'month': 'MAR', 'expense': '35.331,21'}","{'month': 'ABR', 'expense': '32.068,77'}","{'month': 'MAI', 'expense': '49.942,23'}","{'month': 'JUN', 'expense': '49.334,59'}","{'month': 'JUL', 'expense': '25.146,00'}","{'month': 'AGO', 'expense': '5.016,41'}","{'month': 'SET', 'expense': '3.300,08'}","{'month': 'OUT', 'expense': '22.041,92'}",não contabilizados,não contabilizados,33763.0,"290.505,98","{'month': 'JAN', 'expense': '90.049,89'}","{'month': 'FEV', 'expense': '91.799,32'}","{'month': 'MAR', 'expense': '91.532,51'}","{'month': 'ABR', 'expense': '93.743,68'}","{'month': 'MAI', 'expense': '102.729,84'}","{'month': 'JUN', 'expense': '100.032,77'}","{'month': 'JUL', 'expense': '52.077,47'}","{'month': 'AGO', 'expense': '38.232,71'}","{'month': 'SET', 'expense': '30.268,49'}","{'month': 'OUT', 'expense': '54.265,68'}",não contabilizados,não contabilizados,33763.0,1
TALIRIA PETRONE SOARES,F,76 dias,2 dias,14 dias,27 reuniões,32 reuniões,19 reuniões,09/04/1985,"273.733,18","{'month': 'JAN', 'expense': '35.801,22'}","{'month': 'FEV', 'expense': '32.189,96'}","{'month': 'MAR', 'expense': '31.865,89'}","{'month': 'ABR', 'expense': '45.403,28'}","{'month': 'MAI', 'expense': '29.413,08'}","{'month': 'JUN', 'expense': '37.323,98'}","{'month': 'JUL', 'expense': '24.098,94'}","{'month': 'AGO', 'expense': '23.355,39'}","{'month': 'SET', 'expense': '10.439,80'}","{'month': 'OUT', 'expense': '3.279,24'}",não contabilizados,não contabilizados,33763.0,"273.733,18","{'month': 'JAN', 'expense': '111.647,51'}","{'month': 'FEV', 'expense': '111.647,51'}","{'month': 'MAR', 'expense': '111.647,51'}","{'month': 'ABR', 'expense': '111.555,29'}","{'month': 'MAI', 'expense': '111.584,31'}","{'month': 'JUN', 'expense': '111.647,53'}","{'month': 'JUL', 'expense': '111.647,53'}","{'month': 'AGO', 'expense': '110.216,76'}","{'month': 'SET', 'expense': '111.417,00'}","{'month': 'OUT', 'expense': '111.276,31'}",não contabilizados,não contabilizados,33763.0,
SILVIA CRISTINA AMANCIO CHAGAS,F,89 dias,1 dias,2 dias,55 reuniões,31 reuniões,5 reuniões,15/01/1974,"326.142,16","{'month': 'JAN', 'expense': '38.497,24'}","{'month': 'FEV', 'expense': '41.381,49'}","{'month': 'MAR', 'expense': '41.593,07'}","{'month': 'ABR', 'expense': '52.095,78'}","{'month': 'MAI', 'expense': '77.841,57'}","{'month': 'JUN', 'expense': '30.489,93'}","{'month': 'JUL', 'expense': '21.356,30'}","{'month': 'AGO', 'expense': '8.189,34'}","{'month': 'SET', 'expense': '4.412,39'}","{'month': 'OUT', 'expense': '7.253,38'}",não contabilizados,não contabilizados,33763.0,"326.142,16","{'month': 'JAN', 'expense': '111.374,48'}","{'month': 'FEV', 'expense': '110.870,15'}","{'month': 'MAR', 'expense': '110.767,11'}","{'month': 'ABR', 'expense': '111.370,23'}","{'month': 'MAI', 'expense': '111.247,85'}","{'month': 'JUN', 'expense': '111.259,60'}","{'month': 'JUL', 'expense': '111.526,12'}","{'month': 'AGO', 'expense': '111.514,99'}","{'month': 'SET', 'expense': '111.410,91'}","{'month': 'OUT', 'expense': '111.315,81'}",não contabilizados,não contabilizados,33763.0,
SORAYA ALENCAR DOS SANTOS,F,90 dias,0 dias,2 dias,29 reuniões,16 reuniões,0 reuniões,04/12/1958,"247.739,60","{'month': 'JAN', 'expense': '30.377,64'}","{'month': 'FEV', 'expense': '25.882,69'}","{'month': 'MAR', 'expense': '44.839,17'}","{'month': 'ABR', 'expense': '32.605,66'}","{'month': 'MAI', 'expense': '18.501,89'}","{'month': 'JUN', 'expense': '34.461,17'}","{'month': 'JUL', 'expense': '25.720,88'}","{'month': 'AGO', 'expense': '19.262,46'}","{'month': 'SET', 'expense': '5.904,46'}","{'month': 'OUT', 'expense': '9.654,69'}",não contabilizados,não contabilizados,33763.0,"247.739,60","{'month': 'JAN', 'expense': '109.912,12'}","{'month': 'FEV', 'expense': '110.159,23'}","{'month': 'MAR', 'expense': '104.418,43'}","{'month': 'ABR', 'expense': '104.366,11'}","{'month': 'MAI', 'expense': '108.917,92'}","{'month': 'JUN', 'expense': '108.917,92'}","{'month': 'JUL', 'expense': '109.011,86'}","{'month': 'AGO', 'expense': '110.852,93'}","{'month': 'SET', 'expense': '110.852,93'}","{'month': 'OUT', 'expense': '110.852,93'}",não contabilizados,não contabilizados,33763.0,
VIVIANE DA COSTA REIS,F,81 dias,0 dias,11 dias,79 reuniões,21 reuniões,18 reuniões,05/08/1991,"364.896,71","{'month': 'JAN', 'expense': '50.505,11'}","{'month': 'FEV', 'expense': '33.624,12'}","{'month': 'MAR', 'expense': '47.121,22'}","{'month': 'ABR', 'expense': '42.779,32'}","{'month': 'MAI', 'expense': '38.398,45'}","{'month': 'JUN', 'expense': '36.910,98'}","{'month': 'JUL', 'expense': '40.803,83'}","{'month': 'AGO', 'expense': '27.107,07'}","{'month': 'SET', 'expense': '21.698,14'}","{'month': 'OUT', 'expense': '25.660,38'}",não contabilizados,não contabilizados,33763.0,"364.896,71","{'month': 'JAN', 'expense': '111.413,83'}","{'month': 'FEV', 'expense': '111.501,88'}","{'month': 'MAR', 'expense': '108.988,28'}","{'month': 'ABR', 'expense': '109.564,43'}","{'month': 'MAI', 'expense': '110.684,14'}","{'month': 'JUN', 'expense': '111.041,26'}","{'month': 'JUL', 'expense': '111.423,00'}","{'month': 'AGO', 'expense': '111.423,00'}","{'month': 'SET', 'expense': '111.423,00'}","{'month': 'OUT', 'expense': '111.423,00'}",não contabilizados,não contabilizados,33763.0,1
TEREZA NELMA DA SILVA PORTO VIANA SOARES,F,79 dias,0 dias,13 dias,103 reuniões,36 reuniões,49 reuniões,07/10/1957,"366.423,07","{'month': 'JAN', 'expense': '42.581,54'}","{'month': 'FEV', 'expense': '41.297,61'}","{'month': 'MAR', 'expense': '47.878,77'}","{'month': 'ABR', 'expense': '54.271,73'}","{'month': 'MAI', 'expense': '56.885,66'}","{'month': 'JUN', 'expense': '33.460,03'}","{'month': 'JUL', 'expense': '30.126,11'}","{'month': 'AGO', 'expense': '27.479,91'}","{'month': 'SET', 'expense': '24.726,16'}","{'month': 'OUT', 'expense': '3.330,45'}",não contabilizados,não contabilizados,33763.0,"366.423,07","{'month': 'JAN', 'expense': '111.471,49'}","{'month': 'FEV', 'expense': '109.973,66'}","{'month': 'MAR', 'expense': '109.423,19'}","{'month': 'ABR', 'expense': '109.733,42'}","{'month': 'MAI', 'expense': '109.422,19'}","{'month': 'JUN', 'expense': '104.705,24'}","{'month': 'JUL', 'expense': '109.483,86'}","{'month': 'AGO', 'expense': '110.785,88'}","{'month': 'SET', 'expense': '110.860,47'}","{'month': 'OUT', 'expense': '110.833,78'}",não contabilizados,não contabilizados,33763.0,
LUIZA ERUNDINA DE SOUSA,F,78 dias,0 dias,14 dias,37 reuniões,14 reuniões,9 reuniões,30/11/1934,"222.485,05","{'month': 'JAN', 'expense': '17.316,28'}","{'month': 'FEV', 'expense': '17.369,22'}","{'month': 'MAR', 'expense': '13.312,38'}","{'month': 'ABR', 'expense': '23.549,05'}","{'month': 'MAI', 'expense': '49.196,58'}","{'month': 'JUN', 'expense': '41.316,33'}","{'month': 'JUL', 'expense': '41.450,36'}","{'month': 'AGO', 'expense': '18.601,72'}","{'month': 'SET', 'expense': '126,15'}","{'month': 'OUT', 'expense': '0,00'}",não contabilizados,não contabilizados,33763.0,"222.485,05","{'month': 'JAN', 'expense': '106.370,19'}","{'month': 'FEV', 'expense': '98.801,78'}","{'month': 'MAR', 'expense': '96.737,67'}","{'month': 'ABR', 'expense': '96.737,67'}","{'month': 'MAI', 'expense': '96.737,67'}","{'month': 'JUN', 'expense': '96.737,67'}","{'month': 'JUL', 'expense': '96.737,67'}","{'month': 'AGO', 'expense': '96.737,67'}","{'month': 'SET', 'expense': '96.737,67'}","{'month': 'OUT', 'expense': '102.137,42'}",não contabilizados,não contabilizados,33763.0,
LUIZIANNE DE OLIVEIRA LINS,F,82 dias,3 dias,7 dias,5 reuniões,10 reuniões,6 reuniões,18/11/1968,"394.965,38","{'month': 'JAN', 'expense': '43.009,21'}","{'month': 'FEV', 'expense': '49.188,28'}","{'month': 'MAR', 'expense': '62.832,39'}","{'month': 'ABR', 'expense': '40.398,85'}","{'month': 'MAI', 'expense': '50.556,05'}","{'month': 'JUN', 'expense': '27.655,84'}","{'month': 'JUL', 'expense': '25.583,94'}","{'month': 'AGO', 'expense': '56.182,22'}","{'month': 'SET', 'expense': '8.648,41'}","{'month': 'OUT', 'expense': '30.543,49'}",não contabilizados,não contabilizados,33763.0,"394.965,38","{'month': 'JAN', 'expense': '111.647,55'}","{'month': 'FEV', 'expense': '111.647,55'}","{'month': 'MAR', 'expense': '111.647,55'}","{'month': 'ABR', 'expense': '111.647,55'}","{'month': 'MAI', 'expense': '111.647,55'}","{'month': 'JUN', 'expense': '111.647,55'}","{'month': 'JUL', 'expense': '111.532,28'}","{'month': 'AGO', 'expense': '111.532,28'}","{'month': 'SET', 'expense': '111.532,28'}","{'month': 'OUT', 'expense': '111.532,28'}",não contabilizados,não contabilizados,33763.0,
MAGDA MOFATTO HON,F,77 dias,12 dias,3 dias,28 reuniões,36 reuniões,6 reuniões,26/10/1948,"248.362,06","{'month': 'JAN', 'expense': '41.429,43'}","{'month': 'FEV', 'expense': '31.068,63'}","{'month': 'MAR', 'expense': '47.136,54'}","{'month': 'ABR', 'expense': '47.632,39'}","{'month': 'MAI', 'expense': '46.414,73'}","{'month': 'JUN', 'expense': '19.428,88'}","{'month': 'JUL', 'expense': '6.001,17'}","{'month': 'AGO', 'expense': '8.505,69'}","{'month': 'SET', 'expense': '395,33'}","{'month': 'OUT', 'expense': '349,27'}",não contabilizados,não contabilizados,33763.0,"248.362,06","{'month': 'JAN', 'expense': '103.642,03'}","{'month': 'FEV', 'expense': '111.061,35'}","{'month': 'MAR', 'expense': '110.458,33'}","{'month': 'ABR', 'expense': '109.242,74'}","{'month': 'MAI', 'expense': '110.160,73'}","{'month': 'JUN', 'expense': '111.392,46'}","{'month': 'JUL', 'expense': '111.429,23'}","{'month': 'AGO', 'expense': '111.429,23'}","{'month': 'SET', 'expense': '100.201,81'}","{'month': 'OUT', 'expense': '100.742,41'}",não contabilizados,não contabilizados,33763.0,
FABIANA SILVA DE SOUZA,F,76 dias,5 dias,11 dias,22 reuniões,0 reuniões,4 reuniões,09/01/1980,"253.074,32","{'month': 'JAN', 'expense': '19.669,14'}","{'month': 'FEV', 'expense': '45.316,31'}","{'month': 'MAR', 'expense': '58.832,43'}","{'month': 'ABR', 'expense': '30.152,26'}","{'month': 'MAI', 'expense': '32.781,41'}","{'month': 'JUN', 'expense': '27.385,49'}","{'month': 'JUL', 'expense': '25.479,97'}","{'month': 'AGO', 'expense': '6.199,02'}","{'month': 'SET', 'expense': '5.005,38'}","{'month': 'OUT', 'expense': '1.966,38'}",não contabilizados,não contabilizados,33763.0,"253.074,32","{'month': 'JAN', 'expense': '111.544,24'}","{'month': 'FEV', 'expense': '111.438,52'}","{'month': 'MAR', 'expense': '111.398,27'}","{'month': 'ABR', 'expense': '111.315,37'}","{'month': 'MAI', 'expense': '111.119,65'}","{'month': 'JUN', 'expense': '111.039,60'}","{'month': 'JUL', 'expense': '111.350,20'}","{'month': 'AGO', 'expense': '111.350,20'}","{'month': 'SET', 'expense': '111.554,84'}","{'month': 'OUT', 'expense': '111.344,35'}",não contabilizados,não contabilizados,33763.0,
MARINA SANTOS BATISTA DIAS,F,90 dias,0 dias,2 dias,6 reuniões,12 reuniões,1 reuniões,13/09/1980,"357.545,02","{'month': 'JAN', 'expense': '23.811,47'}","{'month': 'FEV', 'expense': '41.587,12'}","{'month': 'MAR', 'expense': '38.764,57'}","{'month': 'ABR', 'expense': '41.760,61'}","{'month': 'MAI', 'expense': '35.827,39'}","{'month': 'JUN', 'expense': '43.099,71'}","{'month': 'JUL', 'expense': '38.934,07'}","{'month': 'AGO', 'expense': '25.951,64'}","{'month': 'SET', 'expense': '26.865,00'}","{'month': 'OUT', 'expense': '39.929,24'}",não contabilizados,não contabilizados,33763.0,"357.545,02","{'month': 'JAN', 'expense': '111.495,88'}","{'month': 'FEV', 'expense': '111.495,88'}","{'month': 'MAR', 'expense': '111.311,17'}","{'month': 'ABR', 'expense': '111.495,87'}","{'month': 'MAI', 'expense': '111.185,14'}","{'month': 'JUN', 'expense': '111.495,87'}","{'month': 'JUL', 'expense': '111.495,88'}","{'month': 'AGO', 'expense': '111.495,88'}","{'month': 'SET', 'expense': '111.495,88'}","{'month': 'OUT', 'expense': '111.495,88'}",não contabilizados,não contabilizados,33763.0,
CYLMARA FERNANDES DA ROCHA GRIPP,F,77 dias,1 dias,14 dias,30 reuniões,16 reuniões,6 reuniões,04/09/1973,"431.336,20","{'month': 'JAN', 'expense': '56.886,05'}","{'month': 'FEV', 'expense': '57.867,30'}","{'month': 'MAR', 'expense': '54.199,26'}","{'month': 'ABR', 'expense': '62.724,01'}","{'month': 'MAI', 'expense': '46.657,40'}","{'month': 'JUN', 'expense': '33.841,62'}","{'month': 'JUL', 'expense': '21.007,85'}","{'month': 'AGO', 'expense': '23.443,28'}","{'month': 'SET', 'expense': '30.345,94'}","{'month': 'OUT', 'expense': '44.363,49'}",não contabilizados,não contabilizados,33763.0,"431.336,20","{'month': 'JAN', 'expense': '110.779,96'}","{'month': 'FEV', 'expense': '110.779,96'}","{'month': 'MAR', 'expense': '110.779,96'}","{'month': 'ABR', 'expense': '110.779,96'}","{'month': 'MAI', 'expense': '110.779,96'}","{'month': 'JUN', 'expense': '109.894,35'}","{'month': 'JUL', 'expense': '110.779,96'}","{'month': 'AGO', 'expense': '110.983,86'}","{'month': 'SET', 'expense': '111.574,61'}","{'month': 'OUT', 'expense': '111.492,81'}",não contabilizados,não contabilizados,33763.0,
MARGARETE DE CASTRO COELHO,F,81 dias,1 dias,10 dias,58 reuniões,18 reuniões,9 reuniões,12/03/1961,"379.382,14","{'month': 'JAN', 'expense': '45.113,84'}","{'month': 'FEV', 'expense': '50.976,40'}","{'month': 'MAR', 'expense': '52.735,60'}","{'month': 'ABR', 'expense': '50.764,85'}","{'month': 'MAI', 'expense': '28.872,48'}","{'month': 'JUN', 'expense': '40.798,70'}","{'month': 'JUL', 'expense': '35.963,33'}","{'month': 'AGO', 'expense': '15.107,77'}","{'month': 'SET', 'expense': '13.877,11'}","{'month': 'OUT', 'expense': '44.057,01'}",não contabilizados,não contabilizados,33763.0,"379.382,14","{'month': 'JAN', 'expense': '110.943,91'}","{'month': 'FEV', 'expense': '108.857,07'}","{'month': 'MAR', 'expense': '110.120,74'}","{'month': 'ABR', 'expense': '99.024,19'}","{'month': 'MAI', 'expense': '107.482,10'}","{'month': 'JUN', 'expense': '108.590,38'}","{'month': 'JUL', 'expense': '108.590,38'}","{'month': 'AGO', 'expense': '108.590,38'}","{'month': 'SET', 'expense': '108.590,38'}","{'month': 'OUT', 'expense': '108.590,38'}",não contabilizados,não contabilizados,33763.0,2
MARIA DO ROSÁRIO NUNES,F,77 dias,9 dias,6 dias,48 reuniões,22 reuniões,12 reuniões,22/11/1966,"390.396,84","{'month': 'JAN', 'expense': '45.949,20'}","{'month': 'FEV', 'expense': '43.740,41'}","{'month': 'MAR', 'expense': '69.986,28'}","{'month': 'ABR', 'expense': '49.177,17'}","{'month': 'MAI', 'expense': '42.746,98'}","{'month': 'JUN', 'expense': '41.192,91'}","{'month': 'JUL', 'expense': '36.138,61'}","{'month': 'AGO', 'expense': '26.246,21'}","{'month': 'SET', 'expense': '12.312,33'}","{'month': 'OUT', 'expense': '20.719,64'}",não contabilizados,não contabilizados,33763.0,"390.396,84","{'month': 'JAN', 'expense': '108.772,35'}","{'month': 'FEV', 'expense': '108.772,35'}","{'month': 'MAR', 'expense': '108.876,06'}","{'month': 'ABR', 'expense': '111.047,03'}","{'month': 'MAI', 'expense': '106.150,54'}","{'month': 'JUN', 'expense': '107.898,86'}","{'month': 'JUL', 'expense': '108.449,48'}","{'month': 'AGO', 'expense': '109.367,19'}","{'month': 'SET', 'expense': '110.743,74'}","{'month': 'OUT', 'expense': '110.743,74'}",não contabilizados,não contabilizados,33763.0,
MARÍLIA VALENÇA ROCHA ARRAES DE ALENCAR,F,64 dias,7 dias,21 dias,3 reuniões,5 reuniões,5 reuniões,12/04/1984,"287.696,14","{'month': 'JAN', 'expense': '13.902,07'}","{'month': 'FEV', 'expense': '25.170,41'}","{'month': 'MAR', 'expense': '93.784,61'}","{'month': 'ABR', 'expense': '29.683,86'}","{'month': 'MAI', 'expense': '54.406,01'}","{'month': 'JUN', 'expense': '14.216,62'}","{'month': 'JUL', 'expense': '21.165,20'}","{'month': 'AGO', 'expense': '14.176,43'}","{'month': 'SET', 'expense': '9.508,71'}","{'month': 'OUT', 'expense': '10.398,31'}",não contabilizados,não contabilizados,33763.0,"287.696,14","{'month': 'JAN', 'expense': '108.653,71'}","{'month': 'FEV', 'expense': '111.429,12'}","{'month': 'MAR', 'expense': '111.429,12'}","{'month': 'ABR', 'expense': '109.087,10'}","{'month': 'MAI', 'expense': '107.972,58'}","{'month': 'JUN', 'expense': '111.617,16'}","{'month': 'JUL', 'expense': '110.853,68'}","{'month': 'AGO', 'expense': '111.354,04'}","{'month': 'SET', 'expense': '98.888,69'}","{'month': 'OUT', 'expense': '87.984,76'}",não contabilizados,não contabilizados,33763.0,
NATÁLIA BASTOS BONAVIDES,F,86 dias,0 dias,6 dias,16 reuniões,15 reuniões,4 reuniões,15/06/1988,"339.385,80","{'month': 'JAN', 'expense': '31.946,09'}","{'month': 'FEV', 'expense': '31.413,95'}","{'month': 'MAR', 'expense': '72.688,49'}","{'month': 'ABR', 'expense': '54.961,85'}","{'month': 'MAI', 'expense': '61.905,75'}","{'month': 'JUN', 'expense': '41.735,22'}","{'month': 'JUL', 'expense': '31.051,52'}","{'month': 'AGO', 'expense': '7.935,30'}","{'month': 'SET', 'expense': '2.706,85'}","{'month': 'OUT', 'expense': '2.967,78'}",não contabilizados,não contabilizados,33763.0,"339.385,80","{'month': 'JAN', 'expense': '106.600,62'}","{'month': 'FEV', 'expense': '90.902,30'}","{'month': 'MAR', 'expense': '96.132,21'}","{'month': 'ABR', 'expense': '102.664,33'}","{'month': 'MAI', 'expense': '98.979,97'}","{'month': 'JUN', 'expense': '99.242,75'}","{'month': 'JUL', 'expense': '104.019,87'}","{'month': 'AGO', 'expense': '107.795,14'}","{'month': 'SET', 'expense': '111.410,75'}","{'month': 'OUT', 'expense': '111.213,52'}",não contabilizados,não contabilizados,33763.0,1
NORMA AYUB ALVES,F,,,,,,,07/09/1959,"283.058,92","{'month': 'JAN', 'expense': '19.354,87'}","{'month': 'FEV', 'expense': '22.480,29'}","{'month': 'MAR', 'expense': '25.213,93'}","{'month': 'ABR', 'expense': '34.202,81'}","{'month': 'MAI', 'expense': '34.648,47'}","{'month': 'JUN', 'expense': '33.963,01'}","{'month': 'JUL', 'expense': '31.584,22'}","{'month': 'AGO', 'expense': '23.186,05'}","{'month': 'SET', 'expense': '21.829,52'}","{'month': 'OUT', 'expense': '33.681,50'}",não contabilizados,não contabilizados,33763.0,"283.058,92","{'month': 'JAN', 'expense': '109.263,62'}","{'month': 'FEV', 'expense': '109.263,62'}","{'month': 'MAR', 'expense': '109.371,25'}","{'month': 'ABR', 'expense': '108.682,13'}","{'month': 'MAI', 'expense': '108.282,54'}","{'month': 'JUN', 'expense': '109.497,38'}","{'month': 'JUL', 'expense': '106.962,54'}","{'month': 'AGO', 'expense': '107.480,28'}","{'month': 'SET', 'expense': '107.282,54'}","{'month': 'OUT', 'expense': '110.694,20'}",não contabilizados,não contabilizados,33763.0,
KATIA DA SILVA SASTRE,F,91 dias,1 dias,0 dias,38 reuniões,19 reuniões,0 reuniões,04/04/1976,"373.876,63","{'month': 'JAN', 'expense': '34.893,09'}","{'month': 'FEV', 'expense': '34.694,24'}","{'month': 'MAR', 'expense': '64.166,28'}","{'month': 'ABR', 'expense': '35.385,20'}","{'month': 'MAI', 'expense': '36.339,70'}","{'month': 'JUN', 'expense': '38.923,80'}","{'month': 'JUL', 'expense': '34.961,86'}","{'month': 'AGO', 'expense': '43.018,05'}","{'month': 'SET', 'expense': '29.335,74'}","{'month': 'OUT', 'expense': '22.064,62'}",não contabilizados,não contabilizados,33763.0,"373.876,63","{'month': 'JAN', 'expense': '107.322,54'}","{'month': 'FEV', 'expense': '104.138,84'}","{'month': 'MAR', 'expense': '105.140,20'}","{'month': 'ABR', 'expense': '105.895,02'}","{'month': 'MAI', 'expense': '105.351,11'}","{'month': 'JUN', 'expense': '96.070,39'}","{'month': 'JUL', 'expense': '98.655,82'}","{'month': 'AGO', 'expense': '111.265,29'}","{'month': 'SET', 'expense': '111.265,29'}","{'month': 'OUT', 'expense': '110.985,86'}",não contabilizados,não contabilizados,33763.0,
MARIA PERPÉTUA DE ALMEIDA,F,86 dias,2 dias,4 dias,56 reuniões,27 reuniões,8 reuniões,28/12/1964,"397.294,72","{'month': 'JAN', 'expense': '40.876,75'}","{'month': 'FEV', 'expense': '38.531,07'}","{'month': 'MAR', 'expense': '65.864,03'}","{'month': 'ABR', 'expense': '66.620,97'}","{'month': 'MAI', 'expense': '53.571,92'}","{'month': 'JUN', 'expense': '37.080,29'}","{'month': 'JUL', 'expense': '43.254,26'}","{'month': 'AGO', 'expense': '14.245,86'}","{'month': 'SET', 'expense': '16.783,06'}","{'month': 'OUT', 'expense': '19.979,66'}",não contabilizados,não contabilizados,33763.0,"397.294,72","{'month': 'JAN', 'expense': '111.465,58'}","{'month': 'FEV', 'expense': '106.860,33'}","{'month': 'MAR', 'expense': '104.769,12'}","{'month': 'ABR', 'expense': '111.544,45'}","{'month': 'MAI', 'expense': '111.544,45'}","{'month': 'JUN', 'expense': '111.544,45'}","{'month': 'JUL', 'expense': '111.499,84'}","{'month': 'AGO', 'expense': '111.405,91'}","{'month': 'SET', 'expense': '111.429,19'}","{'month': 'OUT', 'expense': '111.429,19'}",não contabilizados,não contabilizados,33763.0,1
DAYANE JAMILLE CARNEIRO DOS SANTOS PIMENTEL,F,67 dias,8 dias,17 dias,24 reuniões,16 reuniões,13 reuniões,30/01/1986,"221.802,92","{'month': 'JAN', 'expense': '24.757,35'}","{'month': 'FEV', 'expense': '14.536,29'}","{'month': 'MAR', 'expense': '33.354,13'}","{'month': 'ABR', 'expense': '32.630,75'}","{'month': 'MAI', 'expense': '38.636,18'}","{'month': 'JUN', 'expense': '25.835,19'}","{'month': 'JUL', 'expense': '21.096,42'}","{'month': 'AGO', 'expense': '20.196,27'}","{'month': 'SET', 'expense': '4.322,45'}","{'month': 'OUT', 'expense': '6.205,76'}",não contabilizados,não contabilizados,33763.0,"221.802,92","{'month': 'JAN', 'expense': '103.819,39'}","{'month': 'FEV', 'expense': '108.270,50'}","{'month': 'MAR', 'expense': '109.719,50'}","{'month': 'ABR', 'expense': '110.069,34'}","{'month': 'MAI', 'expense': '110.134,52'}","{'month': 'JUN', 'expense': '109.472,23'}","{'month': 'JUL', 'expense': '110.404,13'}","{'month': 'AGO', 'expense': '110.404,13'}","{'month': 'SET', 'expense': '110.398,05'}","{'month': 'OUT', 'expense': '108.576,72'}",não contabilizados,não contabilizados,33763.0,
MARCIVANIA DO SOCORRO DA ROCHA FLEXA,F,91 dias,1 dias,0 dias,34 reuniões,7 reuniões,0 reuniões,21/06/1973,"372.925,42","{'month': 'JAN', 'expense': '73.518,31'}","{'month': 'FEV', 'expense': '24.414,79'}","{'month': 'MAR', 'expense': '47.486,37'}","{'month': 'ABR', 'expense': '49.562,35'}","{'month': 'MAI', 'expense': '28.947,17'}","{'month': 'JUN', 'expense': '39.390,78'}","{'month': 'JUL', 'expense': '27.825,99'}","{'month': 'AGO', 'expense': '17.943,62'}","{'month': 'SET', 'expense': '7.350,58'}","{'month': 'OUT', 'expense': '50.485,46'}",não contabilizados,não contabilizados,33763.0,"372.925,42","{'month': 'JAN', 'expense': '111.465,49'}","{'month': 'FEV', 'expense': '111.400,50'}","{'month': 'MAR', 'expense': '110.738,38'}","{'month': 'ABR', 'expense': '111.378,13'}","{'month': 'MAI', 'expense': '111.439,63'}","{'month': 'JUN', 'expense': '111.111,26'}","{'month': 'JUL', 'expense': '111.351,62'}","{'month': 'AGO', 'expense': '111.476,44'}","{'month': 'SET', 'expense': '111.465,50'}","{'month': 'OUT', 'expense': '111.483,67'}",não contabilizados,não contabilizados,33763.0,
REJANE RIBEIRO SOUSA DIAS,F,90 dias,2 dias,0 dias,65 reuniões,33 reuniões,0 reuniões,04/09/1972,"241.957,13","{'month': 'JAN', 'expense': '16.913,54'}","{'month': 'FEV', 'expense': '23.065,31'}","{'month': 'MAR', 'expense': '34.072,61'}","{'month': 'ABR', 'expense': '41.316,06'}","{'month': 'MAI', 'expense': '35.393,20'}","{'month': 'JUN', 'expense': '27.658,11'}","{'month': 'JUL', 'expense': '30.276,40'}","{'month': 'AGO', 'expense': '10.634,60'}","{'month': 'SET', 'expense': '10.120,33'}","{'month': 'OUT', 'expense': '11.597,34'}",não contabilizados,não contabilizados,33763.0,"241.957,13","{'month': 'JAN', 'expense': '94.123,29'}","{'month': 'FEV', 'expense': '94.123,29'}","{'month': 'MAR', 'expense': '94.123,29'}","{'month': 'ABR', 'expense': '96.640,01'}","{'month': 'MAI', 'expense': '103.386,00'}","{'month': 'JUN', 'expense': '97.900,48'}","{'month': 'JUL', 'expense': '110.730,33'}","{'month': 'AGO', 'expense': '111.077,25'}","{'month': 'SET', 'expense': '111.077,25'}","{'month': 'OUT', 'expense': '109.208,19'}",não contabilizados,não contabilizados,33763.0,
ELCIONE THEREZINHA ZAHLUTH BARBALHO,F,74 dias,10 dias,8 dias,11 reuniões,15 reuniões,3 reuniões,05/10/1944,"324.749,25","{'month': 'JAN', 'expense': '18.282,77'}","{'month': 'FEV', 'expense': '21.903,47'}","{'month': 'MAR', 'expense': '42.172,90'}","{'month': 'ABR', 'expense': '54.698,46'}","{'month': 'MAI', 'expense': '50.424,42'}","{'month': 'JUN', 'expense': '44.680,57'}","{'month': 'JUL', 'expense': '25.428,51'}","{'month': 'AGO', 'expense': '30.182,96'}","{'month': 'SET', 'expense': '15.955,03'}","{'month': 'OUT', 'expense': '18.147,74'}",não contabilizados,não contabilizados,33763.0,"324.749,25","{'month': 'JAN', 'expense': '109.942,97'}","{'month': 'FEV', 'expense': '108.266,63'}","{'month': 'MAR', 'expense': '106.606,75'}","{'month': 'ABR', 'expense': '106.963,42'}","{'month': 'MAI', 'expense': '110.173,43'}","{'month': 'JUN', 'expense': '110.012,89'}","{'month': 'JUL', 'expense': '110.173,43'}","{'month': 'AGO', 'expense': '111.342,81'}","{'month': 'SET', 'expense': '111.617,17'}","{'month': 'OUT', 'expense': '105.768,72'}",não contabilizados,não contabilizados,33763.0,
ÉRIKA JUCÁ KOKAY,F,90 dias,1 dias,1 dias,132 reuniões,16 reuniões,1 reuniões,15/08/1957,"220.065,03","{'month': 'JAN', 'expense': '21.175,36'}","{'month': 'FEV', 'expense': '26.961,36'}","{'month': 'MAR', 'expense': '57.030,55'}","{'month': 'ABR', 'expense': '8.623,76'}","{'month': 'MAI', 'expense': '69.810,79'}","{'month': 'JUN', 'expense': '1.267,02'}","{'month': 'JUL', 'expense': '375,92'}","{'month': 'AGO', 'expense': '393,19'}","{'month': 'SET', 'expense': '354,58'}","{'month': 'OUT', 'expense': '33.212,46'}",não contabilizados,não contabilizados,33763.0,"220.065,03","{'month': 'JAN', 'expense': '106.905,18'}","{'month': 'FEV', 'expense': '108.909,18'}","{'month': 'MAR', 'expense': '111.417,57'}","{'month': 'ABR', 'expense': '111.495,83'}","{'month': 'MAI', 'expense': '111.623,02'}","{'month': 'JUN', 'expense': '111.495,84'}","{'month': 'JUL', 'expense': '110.449,20'}","{'month': 'AGO', 'expense': '109.666,70'}","{'month': 'SET', 'expense': '111.532,23'}","{'month': 'OUT', 'expense': '111.473,53'}",não contabilizados,não contabilizados,33763.0,
ROSA NEIDE SANDES DE ALMEIDA,F,88 dias,1 dias,3 dias,40 reuniões,5 reuniões,4 reuniões,08/08/1963,"369.889,43","{'month': 'JAN', 'expense': '35.689,04'}","{'month': 'FEV', 'expense': '50.953,17'}","{'month': 'MAR', 'expense': '66.922,03'}","{'month': 'ABR', 'expense': '36.747,44'}","{'month': 'MAI', 'expense': '42.534,13'}","{'month': 'JUN', 'expense': '32.039,17'}","{'month': 'JUL', 'expense': '23.335,58'}","{'month': 'AGO', 'expense': '18.867,29'}","{'month': 'SET', 'expense': '10.899,48'}","{'month': 'OUT', 'expense': '31.367,91'}",não contabilizados,não contabilizados,33763.0,"369.889,43","{'month': 'JAN', 'expense': '111.574,65'}","{'month': 'FEV', 'expense': '110.892,89'}","{'month': 'MAR', 'expense': '108.386,56'}","{'month': 'ABR', 'expense': '109.037,91'}","{'month': 'MAI', 'expense': '110.196,13'}","{'month': 'JUN', 'expense': '109.389,74'}","{'month': 'JUL', 'expense': '109.971,90'}","{'month': 'AGO', 'expense': '109.688,57'}","{'month': 'SET', 'expense': '109.645,72'}","{'month': 'OUT', 'expense': '111.202,48'}",não contabilizados,não contabilizados,33763.0,1
FERNANDA MELCHIONNA E SILVA,F,88 dias,3 dias,1 dias,54 reuniões,9 reuniões,0 reuniões,02/02/1984,"305.160,05","{'month': 'JAN', 'expense': '20.500,17'}","{'month': 'FEV', 'expense': '21.194,89'}","{'month': 'MAR', 'expense': '56.736,14'}","{'month': 'ABR', 'expense': '41.442,21'}","{'month': 'MAI', 'expense': '70.363,57'}","{'month': 'JUN', 'expense': '28.035,03'}","{'month': 'JUL', 'expense': '34.736,50'}","{'month': 'AGO', 'expense': '7.126,13'}","{'month': 'SET', 'expense': '2.302,50'}","{'month': 'OUT', 'expense': '17.867,64'}",não contabilizados,não contabilizados,33763.0,"305.160,05","{'month': 'JAN', 'expense': '108.969,03'}","{'month': 'FEV', 'expense': '110.770,20'}","{'month': 'MAR', 'expense': '111.295,57'}","{'month': 'ABR', 'expense': '111.471,67'}","{'month': 'MAI', 'expense': '111.471,67'}","{'month': 'JUN', 'expense': '111.005,21'}","{'month': 'JUL', 'expense': '108.790,95'}","{'month': 'AGO', 'expense': '108.173,01'}","{'month': 'SET', 'expense': '107.268,84'}","{'month': 'OUT', 'expense': '100.470,41'}",não contabilizados,não contabilizados,33763.0,
FLÁVIA CARREIRO ALBUQUERQUE MORAIS,F,86 dias,0 dias,6 dias,123 reuniões,0 reuniões,4 reuniões,26/04/1969,"296.315,47","{'month': 'JAN', 'expense': '31.961,04'}","{'month': 'FEV', 'expense': '33.702,59'}","{'month': 'MAR', 'expense': '35.431,93'}","{'month': 'ABR', 'expense': '33.636,11'}","{'month': 'MAI', 'expense': '33.829,17'}","{'month': 'JUN', 'expense': '29.972,17'}","{'month': 'JUL', 'expense': '26.739,93'}","{'month': 'AGO', 'expense': '26.234,48'}","{'month': 'SET', 'expense': '22.945,49'}","{'month': 'OUT', 'expense': '21.783,99'}",não contabilizados,não contabilizados,33763.0,"296.315,47","{'month': 'JAN', 'expense': '110.555,68'}","{'month': 'FEV', 'expense': '110.555,68'}","{'month': 'MAR', 'expense': '110.555,68'}","{'month': 'ABR', 'expense': '110.555,68'}","{'month': 'MAI', 'expense': '111.091,22'}","{'month': 'JUN', 'expense': '110.994,42'}","{'month': 'JUL', 'expense': '111.182,00'}","{'month': 'AGO', 'expense': '111.580,78'}","{'month': 'SET', 'expense': '111.580,78'}","{'month': 'OUT', 'expense': '111.580,78'}",não contabilizados,não contabilizados,33763.0,
GLEISI HELENA HOFFMANN,F,66 dias,0 dias,26 dias,3 reuniões,4 reuniões,1 reuniões,06/09/1965,"373.767,14","{'month': 'JAN', 'expense': '48.759,04'}","{'month': 'FEV', 'expense': '47.652,40'}","{'month': 'MAR', 'expense': '59.416,08'}","{'month': 'ABR', 'expense': '55.375,62'}","{'month': 'MAI', 'expense': '43.129,42'}","{'month': 'JUN', 'expense': '20.852,42'}","{'month': 'JUL', 'expense': '26.211,68'}","{'month': 'AGO', 'expense': '23.293,93'}","{'month': 'SET', 'expense': '17.899,82'}","{'month': 'OUT', 'expense': '29.734,54'}",não contabilizados,não contabilizados,33763.0,"373.767,14","{'month': 'JAN', 'expense': '111.526,42'}","{'month': 'FEV', 'expense': '111.526,42'}","{'month': 'MAR', 'expense': '111.526,42'}","{'month': 'ABR', 'expense': '111.526,42'}","{'month': 'MAI', 'expense': '111.526,42'}","{'month': 'JUN', 'expense': '111.526,42'}","{'month': 'JUL', 'expense': '111.526,42'}","{'month': 'AGO', 'expense': '111.526,42'}","{'month': 'SET', 'expense': '111.526,42'}","{'month': 'OUT', 'expense': '111.526,42'}",não contabilizados,não contabilizados,33763.0,
GREYCE DE QUEIROZ ELIAS,F,77 dias,3 dias,12 dias,28 reuniões,18 reuniões,4 reuniões,15/12/1981,"176.814,93","{'month': 'JAN', 'expense': '14.671,44'}","{'month': 'FEV', 'expense': '21.074,80'}","{'month': 'MAR', 'expense': '23.586,32'}","{'month': 'ABR', 'expense': '35.221,54'}","{'month': 'MAI', 'expense': '45.590,67'}","{'month': 'JUN', 'expense': '15.599,72'}","{'month': 'JUL', 'expense': '12.425,68'}","{'month': 'AGO', 'expense': '2.786,62'}","{'month': 'SET', 'expense': '2.040,22'}","{'month': 'OUT', 'expense': '3.377,12'}",não contabilizados,não contabilizados,33763.0,"176.814,93","{'month': 'JAN', 'expense': '101.294,97'}","{'month': 'FEV', 'expense': '95.517,25'}","{'month': 'MAR', 'expense': '104.632,97'}","{'month': 'ABR', 'expense': '104.398,53'}","{'month': 'MAI', 'expense': '107.931,21'}","{'month': 'JUN', 'expense': '110.975,70'}","{'month': 'JUL', 'expense': '110.129,51'}","{'month': 'AGO', 'expense': '110.600,89'}","{'month': 'SET', 'expense': '111.580,83'}","{'month': 'OUT', 'expense': '111.573,39'}",não contabilizados,não contabilizados,33763.0,1
JANDIRA FEGHALI,F,91 dias,1 dias,0 dias,41 reuniões,28 reuniões,0 reuniões,17/05/1957,"304.962,13","{'month': 'JAN', 'expense': '16.677,60'}","{'month': 'FEV', 'expense': '41.606,05'}","{'month': 'MAR', 'expense': '42.043,96'}","{'month': 'ABR', 'expense': '41.561,42'}","{'month': 'MAI', 'expense': '33.766,08'}","{'month': 'JUN', 'expense': '35.266,15'}","{'month': 'JUL', 'expense': '30.544,63'}","{'month': 'AGO', 'expense': '18.967,72'}","{'month': 'SET', 'expense': '23.146,67'}","{'month': 'OUT', 'expense': '20.529,15'}",não contabilizados,não contabilizados,33763.0,"304.962,13","{'month': 'JAN', 'expense': '111.186,43'}","{'month': 'FEV', 'expense': '110.346,75'}","{'month': 'MAR', 'expense': '110.883,15'}","{'month': 'ABR', 'expense': '110.883,15'}","{'month': 'MAI', 'expense': '110.883,15'}","{'month': 'JUN', 'expense': '110.883,15'}","{'month': 'JUL', 'expense': '106.843,71'}","{'month': 'AGO', 'expense': '109.640,24'}","{'month': 'SET', 'expense': '105.683,13'}","{'month': 'OUT', 'expense': '103.792,22'}",não contabilizados,não contabilizados,33763.0,
Geovânia de Sá,F,91 dias,0 dias,1 dias,15 reuniões,0 reuniões,0 reuniões,30/03/1972,"308.059,34","{'month': 'JAN', 'expense': '24.548,31'}","{'month': 'FEV', 'expense': '31.895,95'}","{'month': 'MAR', 'expense': '46.155,40'}","{'month': 'ABR', 'expense': '48.301,66'}","{'month': 'MAI', 'expense': '38.575,18'}","{'month': 'JUN', 'expense': '41.038,25'}","{'month': 'JUL', 'expense': '24.556,46'}","{'month': 'AGO', 'expense': '10.926,74'}","{'month': 'SET', 'expense': '3.937,68'}","{'month': 'OUT', 'expense': '25.683,39'}",não contabilizados,não contabilizados,33763.0,"308.059,34","{'month': 'JAN', 'expense': '111.111,81'}","{'month': 'FEV', 'expense': '111.610,95'}","{'month': 'MAR', 'expense': '111.659,69'}","{'month': 'ABR', 'expense': '111.659,69'}","{'month': 'MAI', 'expense': '110.768,99'}","{'month': 'JUN', 'expense': '110.692,78'}","{'month': 'JUL', 'expense': '103.468,98'}","{'month': 'AGO', 'expense': '111.168,24'}","{'month': 'SET', 'expense': '111.168,24'}","{'month': 'OUT', 'expense': '106.547,85'}",não contabilizados,não contabilizados,33763.0,
DIRLAINE JAQUELINE CASSOL,F,81 dias,3 dias,8 dias,47 reuniões,15 reuniões,8 reuniões,03/12/1974,"301.704,59","{'month': 'JAN', 'expense': '38.881,19'}","{'month': 'FEV', 'expense': '35.836,11'}","{'month': 'MAR', 'expense': '33.841,17'}","{'month': 'ABR', 'expense': '57.249,08'}","{'month': 'MAI', 'expense': '71.115,17'}","{'month': 'JUN', 'expense': '20.997,72'}","{'month': 'JUL', 'expense': '21.444,70'}","{'month': 'AGO', 'expense': '11.534,22'}","{'month': 'SET', 'expense': '2.240,92'}","{'month': 'OUT', 'expense': '7.424,00'}",não contabilizados,não contabilizados,33763.0,"301.704,59","{'month': 'JAN', 'expense': '111.665,59'}","{'month': 'FEV', 'expense': '111.362,29'}","{'month': 'MAR', 'expense': '107.986,55'}","{'month': 'ABR', 'expense': '110.884,32'}","{'month': 'MAI', 'expense': '111.208,12'}","{'month': 'JUN', 'expense': '110.180,25'}","{'month': 'JUL', 'expense': '108.177,15'}","{'month': 'AGO', 'expense': '110.472,02'}","{'month': 'SET', 'expense': '111.321,85'}","{'month': 'OUT', 'expense': '108.397,68'}",não contabilizados,não contabilizados,33763.0,
JOICE CRISTINA HASSELMANN,F,87 dias,0 dias,5 dias,57 reuniões,3 reuniões,3 reuniões,29/01/1978,"301.731,55","{'month': 'JAN', 'expense': '25.636,10'}","{'month': 'FEV', 'expense': '21.173,13'}","{'month': 'MAR', 'expense': '72.944,98'}","{'month': 'ABR', 'expense': '50.332,77'}","{'month': 'MAI', 'expense': '44.859,38'}","{'month': 'JUN', 'expense': '25.702,26'}","{'month': 'JUL', 'expense': '16.939,86'}","{'month': 'AGO', 'expense': '18.265,67'}","{'month': 'SET', 'expense': '20.711,16'}","{'month': 'OUT', 'expense': '5.166,24'}",não contabilizados,não contabilizados,33763.0,"301.731,55","{'month': 'JAN', 'expense': '99.430,88'}","{'month': 'FEV', 'expense': '106.641,61'}","{'month': 'MAR', 'expense': '98.487,95'}","{'month': 'ABR', 'expense': '101.062,57'}","{'month': 'MAI', 'expense': '108.786,73'}","{'month': 'JUN', 'expense': '110.597,86'}","{'month': 'JUL', 'expense': '108.539,98'}","{'month': 'AGO', 'expense': '102.509,19'}","{'month': 'SET', 'expense': '97.950,82'}","{'month': 'OUT', 'expense': '97.950,82'}",não contabilizados,não contabilizados,33763.0,
JOENIA BATISTA DE CARVALHO,F,83 dias,0 dias,9 dias,98 reuniões,15 reuniões,12 reuniões,20/04/1973,"407.650,81","{'month': 'JAN', 'expense': '36.130,43'}","{'month': 'FEV', 'expense': '59.868,30'}","{'month': 'MAR', 'expense': '85.352,21'}","{'month': 'ABR', 'expense': '48.106,28'}","{'month': 'MAI', 'expense': '35.824,32'}","{'month': 'JUN', 'expense': '43.428,93'}","{'month': 'JUL', 'expense': '39.248,21'}","{'month': 'AGO', 'expense': '28.261,77'}","{'month': 'SET', 'expense': '13.771,27'}","{'month': 'OUT', 'expense': '16.656,80'}",não contabilizados,não contabilizados,33763.0,"407.650,81","{'month': 'JAN', 'expense': '91.545,36'}","{'month': 'FEV', 'expense': '93.767,62'}","{'month': 'MAR', 'expense': '92.129,06'}","{'month': 'ABR', 'expense': '80.310,66'}","{'month': 'MAI', 'expense': '79.164,66'}","{'month': 'JUN', 'expense': '97.275,18'}","{'month': 'JUL', 'expense': '102.548,82'}","{'month': 'AGO', 'expense': '99.850,50'}","{'month': 'SET', 'expense': '95.697,66'}","{'month': 'OUT', 'expense': '96.608,80'}",não contabilizados,não contabilizados,33763.0,1
JESSICA ROJAS SALES,F,42 dias,5 dias,45 dias,0 reuniões,2 reuniões,16 reuniões,28/11/1980,"372.946,86","{'month': 'JAN', 'expense': '36.557,22'}","{'month': 'FEV', 'expense': '42.553,73'}","{'month': 'MAR', 'expense': '47.072,55'}","{'month': 'ABR', 'expense': '56.770,07'}","{'month': 'MAI', 'expense': '58.428,19'}","{'month': 'JUN', 'expense': '3.133,62'}","{'month': 'JUL', 'expense': '11.486,12'}","{'month': 'AGO', 'expense': '8.024,13'}","{'month': 'SET', 'expense': '2.921,23'}","{'month': 'OUT', 'expense': '106.000,00'}",não contabilizados,não contabilizados,33763.0,"372.946,86","{'month': 'JAN', 'expense': '111.568,56'}","{'month': 'FEV', 'expense': '111.568,56'}","{'month': 'MAR', 'expense': '111.568,56'}","{'month': 'ABR', 'expense': '111.568,56'}","{'month': 'MAI', 'expense': '111.568,56'}","{'month': 'JUN', 'expense': '111.568,56'}","{'month': 'JUL', 'expense': '111.568,56'}","{'month': 'AGO', 'expense': '111.571,11'}","{'month': 'SET', 'expense': '111.647,46'}","{'month': 'OUT', 'expense': '111.647,46'}",não contabilizados,não contabilizados,33763.0,
LEANDRE DAL PONTE,F,80 dias,2 dias,10 dias,31 reuniões,23 reuniões,4 reuniões,20/12/1975,"364.015,44","{'month': 'JAN', 'expense': '30.663,14'}","{'month': 'FEV', 'expense': '49.384,33'}","{'month': 'MAR', 'expense': '39.707,22'}","{'month': 'ABR', 'expense': '42.738,34'}","{'month': 'MAI', 'expense': '55.109,67'}","{'month': 'JUN', 'expense': '32.174,71'}","{'month': 'JUL', 'expense': '34.082,73'}","{'month': 'AGO', 'expense': '28.823,07'}","{'month': 'SET', 'expense': '17.999,54'}","{'month': 'OUT', 'expense': '31.319,22'}",não contabilizados,não contabilizados,33763.0,"364.015,44","{'month': 'JAN', 'expense': '108.159,67'}","{'month': 'FEV', 'expense': '108.159,67'}","{'month': 'MAR', 'expense': '109.633,48'}","{'month': 'ABR', 'expense': '109.791,39'}","{'month': 'MAI', 'expense': '109.791,39'}","{'month': 'JUN', 'expense': '110.801,97'}","{'month': 'JUL', 'expense': '109.549,18'}","{'month': 'AGO', 'expense': '111.428,41'}","{'month': 'SET', 'expense': '111.307,87'}","{'month': 'OUT', 'expense': '111.307,87'}",não contabilizados,não contabilizados,33763.0,1
LIZIANE BAYER DA COSTA,F,92 dias,0 dias,0 dias,54 reuniões,18 reuniões,1 reuniões,24/01/1981,"432.476,73","{'month': 'JAN', 'expense': '24.410,68'}","{'month': 'FEV', 'expense': '44.680,51'}","{'month': 'MAR', 'expense': '52.608,27'}","{'month': 'ABR', 'expense': '52.869,92'}","{'month': 'MAI', 'expense': '60.599,67'}","{'month': 'JUN', 'expense': '33.727,59'}","{'month': 'JUL', 'expense': '34.144,01'}","{'month': 'AGO', 'expense': '32.890,25'}","{'month': 'SET', 'expense': '31.283,06'}","{'month': 'OUT', 'expense': '49.719,23'}",não contabilizados,não contabilizados,33763.0,"432.476,73","{'month': 'JAN', 'expense': '109.492,14'}","{'month': 'FEV', 'expense': '104.592,92'}","{'month': 'MAR', 'expense': '102.932,25'}","{'month': 'ABR', 'expense': '102.694,30'}","{'month': 'MAI', 'expense': '104.044,41'}","{'month': 'JUN', 'expense': '103.593,63'}","{'month': 'JUL', 'expense': '105.180,10'}","{'month': 'AGO', 'expense': '107.815,81'}","{'month': 'SET', 'expense': '109.597,20'}","{'month': 'OUT', 'expense': '109.597,20'}",não contabilizados,não contabilizados,33763.0,1
LÍDICE DA MATA E SOUZA,F,89 dias,0 dias,3 dias,56 reuniões,0 reuniões,4 reuniões,12/03/1956,"314.013,21","{'month': 'JAN', 'expense': '24.968,53'}","{'month': 'FEV', 'expense': '36.055,08'}","{'month': 'MAR', 'expense': '41.685,69'}","{'month': 'ABR', 'expense': '36.945,93'}","{'month': 'MAI', 'expense': '64.741,89'}","{'month': 'JUN', 'expense': '25.591,94'}","{'month': 'JUL', 'expense': '29.647,64'}","{'month': 'AGO', 'expense': '17.038,04'}","{'month': 'SET', 'expense': '9.156,67'}","{'month': 'OUT', 'expense': '25.337,58'}",não contabilizados,não contabilizados,33763.0,"314.013,21","{'month': 'JAN', 'expense': '105.717,75'}","{'month': 'FEV', 'expense': '109.880,24'}","{'month': 'MAR', 'expense': '107.918,25'}","{'month': 'ABR', 'expense': '107.472,66'}","{'month': 'MAI', 'expense': '111.089,52'}","{'month': 'JUN', 'expense': '111.089,52'}","{'month': 'JUL', 'expense': '111.089,52'}","{'month': 'AGO', 'expense': '111.089,52'}","{'month': 'SET', 'expense': '111.089,52'}","{'month': 'OUT', 'expense': '111.089,52'}",não contabilizados,não contabilizados,33763.0,
LAURIETE RODRIGUES DE JESUS,F,89 dias,0 dias,3 dias,48 reuniões,2 reuniões,2 reuniões,23/02/1970,"275.072,63","{'month': 'JAN', 'expense': '28.596,39'}","{'month': 'FEV', 'expense': '36.787,02'}","{'month': 'MAR', 'expense': '28.706,65'}","{'month': 'ABR', 'expense': '38.112,66'}","{'month': 'MAI', 'expense': '49.288,05'}","{'month': 'JUN', 'expense': '30.104,05'}","{'month': 'JUL', 'expense': '18.543,11'}","{'month': 'AGO', 'expense': '15.764,41'}","{'month': 'SET', 'expense': '15.009,24'}","{'month': 'OUT', 'expense': '7.961,74'}",não contabilizados,não contabilizados,33763.0,"275.072,63","{'month': 'JAN', 'expense': '104.287,85'}","{'month': 'FEV', 'expense': '105.889,29'}","{'month': 'MAR', 'expense': '107.644,06'}","{'month': 'ABR', 'expense': '107.644,06'}","{'month': 'MAI', 'expense': '107.976,91'}","{'month': 'JUN', 'expense': '100.506,22'}","{'month': 'JUL', 'expense': '110.346,11'}","{'month': 'AGO', 'expense': '111.471,61'}","{'month': 'SET', 'expense': '111.471,61'}","{'month': 'OUT', 'expense': '111.471,61'}",não contabilizados,não contabilizados,33763.0,
LUISA CANZIANI DOS SANTOS SILVEIRA,F,82 dias,10 dias,0 dias,18 reuniões,48 reuniões,0 reuniões,11/04/1996,"294.512,99","{'month': 'JAN', 'expense': '27.680,49'}","{'month': 'FEV', 'expense': '45.240,66'}","{'month': 'MAR', 'expense': '38.296,02'}","{'month': 'ABR', 'expense': '34.716,65'}","{'month': 'MAI', 'expense': '40.742,27'}","{'month': 'JUN', 'expense': '35.801,06'}","{'month': 'JUL', 'expense': '23.760,78'}","{'month': 'AGO', 'expense': '18.969,09'}","{'month': 'SET', 'expense': '8.973,68'}","{'month': 'OUT', 'expense': '13.325,09'}",não contabilizados,não contabilizados,33763.0,"294.512,99","{'month': 'JAN', 'expense': '111.489,76'}","{'month': 'FEV', 'expense': '107.944,29'}","{'month': 'MAR', 'expense': '101.185,89'}","{'month': 'ABR', 'expense': '106.123,31'}","{'month': 'MAI', 'expense': '110.764,80'}","{'month': 'JUN', 'expense': '108.871,95'}","{'month': 'JUL', 'expense': '100.476,78'}","{'month': 'AGO', 'expense': '99.154,41'}","{'month': 'SET', 'expense': '109.664,15'}","{'month': 'OUT', 'expense': '110.012,04'}",não contabilizados,não contabilizados,33763.0,
LEDA MARIA SADALA BRITO,F,72 dias,2 dias,18 dias,24 reuniões,15 reuniões,8 reuniões,11/06/1966,"359.497,14","{'month': 'JAN', 'expense': '32.892,40'}","{'month': 'FEV', 'expense': '30.026,99'}","{'month': 'MAR', 'expense': '55.796,31'}","{'month': 'ABR', 'expense': '53.049,21'}","{'month': 'MAI', 'expense': '51.266,85'}","{'month': 'JUN', 'expense': '41.748,71'}","{'month': 'JUL', 'expense': '31.911,86'}","{'month': 'AGO', 'expense': '37.292,55'}","{'month': 'SET', 'expense': '15.145,93'}","{'month': 'OUT', 'expense': '10.021,33'}",não contabilizados,não contabilizados,33763.0,"359.497,14","{'month': 'JAN', 'expense': '111.429,13'}","{'month': 'FEV', 'expense': '111.306,30'}","{'month': 'MAR', 'expense': '109.662,60'}","{'month': 'ABR', 'expense': '107.931,96'}","{'month': 'MAI', 'expense': '110.017,93'}","{'month': 'JUN', 'expense': '110.446,45'}","{'month': 'JUL', 'expense': '110.633,94'}","{'month': 'AGO', 'expense': '109.994,10'}","{'month': 'SET', 'expense': '111.659,63'}","{'month': 'OUT', 'expense': '108.861,12'}",não contabilizados,não contabilizados,33763.0,
